Movie,Score
Anora,44.30939226519337
The Brutalist,44.63327370304114
A Complete Unknown,49.321266968325794
Conclave,39.176029962546814
Emilia Perez,27.29124236252546
I'm Still Here,37.5
Nickel Boys,55.55555555555556
The Substance,34.152736807604064
Wicked: Part I,48.347235094223045
